,precision,recall,f1-score,support
Non-Private,0.7111111111111111,0.1509433962264151,0.2490272373540856,1060.0
Private,0.8071566316691665,0.9830375782881002,0.8864572302623838,3832.0
accuracy,0.802739165985282,0.802739165985282,0.802739165985282,0.802739165985282
macro avg,0.7591338713901388,0.5669904872572576,0.5677422338082347,4892.0
weighted avg,0.7863454600028666,0.802739165985282,0.7483387117663093,4892.0
