,precision,recall,f1-score,support
Non-Private,0.6276041666666666,0.22735849056603774,0.3337950138504155,1060.0
Private,0.8183229813664596,0.9626826722338204,0.8846522781774581,3832.0
accuracy,0.8033524121013901,0.8033524121013901,0.8033524121013901,0.8033524121013901
macro avg,0.7229635740165632,0.5950205813999291,0.6092236460139367,4892.0
weighted avg,0.7769979724576737,0.8033524121013901,0.765292363993757,4892.0
