,precision,recall,f1-score,support
Non-Private,0.3628879037365421,0.5405660377358491,0.43425539977264116,1060.0
Private,0.8530033202535466,0.7374739039665971,0.7910426871938419,3832.0
accuracy,0.6948078495502862,0.6948078495502862,0.6948078495502862,0.6948078495502862
macro avg,0.6079456119950444,0.6390199708512231,0.6126490434832415,4892.0
weighted avg,0.7468049675331817,0.6948078495502862,0.7137339127321753,4892.0
